race_id,馬,騎手,馬番,走破時間,オッズ,通過順,着順,体重,体重変化,性,齢,斤量,上がり,人気,レース名,日付,開催,クラス,芝・ダート,距離,回り,馬場,天気,場id,場名,距離差,日付差,日付1,馬番1,騎手1,斤量1,オッズ1,体重1,体重変化1,上がり1,通過順1,着順1,距離1,クラス1,走破時間1,芝・ダート1,天気1,馬場1,距離差1,日付差1,日付2,馬番2,騎手2,斤量2,オッズ2,体重2,体重変化2,上がり2,通過順2,着順2,距離2,クラス2,走破時間2,芝・ダート2,天気2,馬場2,距離差2,日付差2,日付3,馬番3,騎手3,斤量3,オッズ3,体重3,体重変化3,上がり3,通過順3,着順3,距離3,クラス3,走破時間3,芝・ダート3,天気3,馬場3,距離差3,日付差3,日付4,馬番4,騎手4,斤量4,オッズ4,体重4,体重変化4,上がり4,通過順4,着順4,距離4,クラス4,走破時間4,芝・ダート4,天気4,馬場4,距離差4,日付差4,日付5,馬番5,騎手5,斤量5,オッズ5,体重5,体重変化5,上がり5,通過順5,着順5,距離5,クラス5,走破時間5,芝・ダート5,天気5,馬場5
202210040812,21182,245,11,-2.374480603929078,29.7,13.5,11,476,-12,0,4,57.0,36.8,9.0,12,1734,262,4,0,2600,0,0,0,9,4,0.0,43.0,1693.0,14.0,213,57.0,37.4,488.0,24.0,36.9,14.0,7.0,2600.0,4.0,-2.5672869673332186,0.0,1.0,1.0,0.0,,,14.0,198,57.0,37.4,488.0,24.0,36.9,14.0,7.0,2600.0,4.0,-2.5672869673332186,0.0,1.0,1.0,,,,,216,,,,,,,,,,,,,,,,,,210,,,,,,,,,,,,,,,,,,204,,,,,,,,,,,,,
202210040812,14389,45,12,-2.3704638046914908,73.0,8.0,10,488,-2,0,4,57.0,37.2,12.0,12,1734,262,4,0,2600,0,0,0,9,4,600.0,607.0,1130.0,12.0,211,56.0,8.7,504.0,0.0,35.3,11.25,13.0,2000.0,3.0,-1.0047520639121594,0.0,1.0,0.0,,,,,226,,,,,,,,,,,,,,,,,,216,,,,,,,,,,,,,,,,,,210,,,,,,,,,,,,,,,,,,204,,,,,,,,,,,,,
202210040812,284,254,1,-2.4990013802942523,103.9,9.5,15,468,-10,0,3,51.0,39.9,14.0,12,1734,262,4,0,2600,0,0,0,9,4,800.0,427.0,1309.0,12.0,85,54.0,79.3,464.0,0.0,37.7,12.5,12.0,1800.0,3.0,-0.4705177653131855,0.0,1.0,0.0,,,,,226,,,,,,,,,,,,,,,,,,216,,,,,,,,,,,,,,,,,,210,,,,,,,,,,,,,,,,,,204,,,,,,,,,,,,,
202210040812,2145,185,10,-2.3222622138404563,3.9,9.5,2,490,0,0,4,57.0,36.0,1.0,12,1734,262,4,0,2600,0,0,0,9,4,0.0,43.0,1693.0,8.0,39,57.0,5.6,490.0,-8.0,38.8,1.0,3.0,2600.0,4.0,-2.5231021757197696,0.0,1.0,1.0,0.0,13.0,1680.0,7.0,103,57.0,30.0,498.0,-10.0,34.6,10.0,3.0,2600.0,4.0,-2.286111020702179,0.0,0.0,0.0,400.0,204.0,1473.0,14.0,96,55.0,30.9,506.0,-4.0,37.4,2.0,8.0,2200.0,4.0,-1.3461799991069916,0.0,0.0,0.0,200.0,14.0,1459.0,4.0,92,56.0,13.4,510.0,-10.0,36.1,8.75,12.0,2000.0,4.0,-0.8480968936462946,0.0,1.0,0.0,0.0,321.0,1142.0,7.0,94,56.0,51.9,520.0,0.0,35.5,7.0,7.0,2000.0,7.0,-0.924416079160434,0.0,1.0,0.0
202210040812,3676,57,14,-2.326279013078042,6.2,5.0,4,466,-4,0,3,50.0,36.5,4.0,12,1734,262,4,0,2600,0,0,0,9,4,0.0,7.0,1728.0,14.0,235,56.0,4.8,470.0,0.0,35.7,3.75,3.0,2600.0,1.0,-2.3383294107908013,0.0,0.0,0.0,0.0,49.0,1680.0,15.0,219,56.0,19.0,470.0,0.0,35.7,1.75,3.0,2600.0,1.0,-2.342346210028387,0.0,0.0,0.0,600.0,77.0,1604.0,11.0,194,56.0,10.0,470.0,-4.0,36.9,3.5,9.0,2000.0,1.0,-0.8440800944087087,0.0,0.0,0.0,-200.0,29.0,1576.0,10.0,62,56.0,10.4,474.0,0.0,36.1,3.25,6.0,2200.0,1.0,-1.4345495823338903,0.0,3.0,1.0,200.0,104.0,1467.0,1.0,198,55.0,11.5,480.0,0.0,35.8,15.75,7.0,2000.0,1.0,-0.8641640905966399,0.0,1.0,0.0
202210040812,5362,166,6,-2.4146485963049407,82.7,9.25,13,502,10,2,3,52.0,38.0,13.0,12,1734,262,4,0,2600,0,0,0,9,4,800.0,134.0,1603.0,3.0,117,56.0,16.2,492.0,-8.0,34.7,5.5,6.0,1800.0,4.0,-0.3098457958097347,0.0,1.0,0.0,-200.0,125.0,1474.0,3.0,33,55.0,6.0,502.0,0.0,36.1,4.25,6.0,2000.0,3.0,-1.044920056288022,0.0,0.0,0.0,,,,,216,,,,,,,,,,,,,,,,,,210,,,,,,,,,,,,,,,,,,204,,,,,,,,,,,,,
202210040812,7324,163,15,-2.2981614184149386,4.3,7.25,1,478,6,0,3,54.0,35.6,2.0,12,1734,262,4,0,2600,0,0,0,9,4,800.0,106.0,1631.0,9.0,201,56.0,8.6,472.0,-2.0,34.5,2.0,4.0,1800.0,4.0,-0.2536106064835267,0.0,1.0,0.0,-600.0,70.0,1562.0,7.0,161,56.0,13.2,482.0,-8.0,34.2,4.0,4.0,2400.0,4.0,-1.8683638999932068,0.0,0.0,0.0,400.0,27.0,1533.0,8.0,153,56.0,3.6,490.0,14.0,36.8,4.25,2.0,2000.0,4.0,-0.8962984844973301,0.0,1.0,1.0,0.0,78.0,1452.0,4.0,148,55.0,29.6,476.0,-4.0,35.9,3.75,5.0,2000.0,7.0,-0.9123656814476752,0.0,1.0,0.0,0.0,42.0,1411.0,9.0,144,55.0,5.2,480.0,-2.0,36.1,3.0,1.0,2000.0,1.0,-0.836046495933536,0.0,0.0,0.0
202210040812,11303,89,9,-2.3704638046914908,46.9,12.0,9,500,4,0,3,54.0,37.0,10.0,12,1734,262,4,0,2600,0,0,0,9,4,0.0,43.0,1693.0,5.0,140,54.0,8.8,496.0,-2.0,40.0,9.75,14.0,2600.0,4.0,-2.6636901490352893,0.0,1.0,1.0,600.0,20.0,1673.0,1.0,76,54.0,17.2,498.0,6.0,38.0,7.25,10.0,2000.0,4.0,-0.7677609088945693,0.0,1.0,0.0,-400.0,15.0,1658.0,4.0,70,53.0,36.0,492.0,12.0,34.3,1.0,2.0,2400.0,4.0,-1.8683638999932068,0.0,1.0,0.0,200.0,104.0,1556.0,5.0,132,56.0,5.3,478.0,-6.0,37.1,1.75,7.0,2200.0,1.0,-1.366263995294923,0.0,1.0,0.0,400.0,22.0,1532.0,5.0,128,56.0,2.2,484.0,0.0,36.0,2.5,3.0,1800.0,1.0,-0.2817282011466307,0.0,0.0,0.0
202210040812,9447,221,7,-2.346363009265973,12.7,7.75,6,488,10,0,3,54.0,36.6,6.0,12,1734,262,4,0,2600,0,0,0,9,4,600.0,113.0,1624.0,3.0,75,56.0,22.7,478.0,-10.0,36.0,7.75,7.0,2000.0,4.0,-0.840063295171122,0.0,0.0,2.0,0.0,27.0,1597.0,3.0,219,56.0,7.1,488.0,-4.0,35.0,2.0,3.0,2000.0,4.0,-0.7516937119442244,0.0,0.0,0.0,-400.0,70.0,1526.0,1.0,38,56.0,32.8,492.0,6.0,34.5,7.25,8.0,2400.0,4.0,-1.896481494656312,0.0,1.0,0.0,400.0,84.0,1439.0,10.0,96,55.0,5.1,486.0,4.0,36.9,12.75,1.0,2000.0,1.0,-0.8521136928838812,0.0,0.0,0.0,200.0,22.0,1418.0,7.0,94,55.0,6.2,482.0,6.0,35.3,7.5,3.0,1800.0,1.0,-0.2576274057211127,0.0,0.0,0.0
202210040812,16281,93,13,-2.482934183343907,7.2,12.0,14,524,2,0,3,54.0,39.5,5.0,12,1734,262,4,0,2600,0,0,0,9,4,300.0,119.0,1618.0,1.0,85,56.0,2.1,522.0,12.0,34.0,1.0,1.0,2300.0,1.0,-1.651456741163549,0.0,0.0,0.0,100.0,105.0,1513.0,4.0,80,56.0,2.3,510.0,-6.0,36.1,1.0,3.0,2200.0,1.0,-1.314045605206302,0.0,1.0,0.0,0.0,15.0,1498.0,3.0,74,56.0,17.8,516.0,-4.0,36.5,1.0,3.0,2200.0,1.0,-1.314045605206302,0.0,0.0,0.0,400.0,14.0,1480.0,8.0,72,55.0,14.8,520.0,0.0,35.4,7.5,7.0,1800.0,3.0,-0.3178793942849068,0.0,1.0,0.0,0.0,,,8.0,70,55.0,14.8,520.0,0.0,35.4,7.5,7.0,1800.0,3.0,-0.3178793942849068,0.0,1.0,0.0
202210040812,17459,85,8,-2.326279013078042,5.2,2.5,5,492,8,2,4,57.0,36.8,3.0,12,1734,262,4,0,2600,0,0,0,9,4,0.0,56.0,1680.0,2.0,77,57.0,5.2,484.0,-6.0,34.8,2.5,2.0,2600.0,4.0,-2.2820942214645936,0.0,0.0,0.0,0.0,239.0,1438.0,10.0,119,55.0,6.6,480.0,6.0,37.0,1.0,6.0,2600.0,4.0,-2.438749391730458,0.0,0.0,0.0,400.0,97.0,1343.0,12.0,111,53.0,15.0,474.0,4.0,35.5,9.0,11.0,2200.0,4.0,-1.3260960029190605,0.0,1.0,0.0,-400.0,28.0,1316.0,9.0,106,54.0,19.2,470.0,-2.0,34.8,1.0,2.0,2600.0,4.0,-2.290127819939765,0.0,1.0,0.0,1000.0,112.0,1206.0,9.0,32,56.0,26.4,466.0,-8.0,39.1,5.333333333333333,9.0,1600.0,4.0,0.0516661355730295,0.0,2.0,3.0
202210040812,19755,188,5,-2.3784974031666644,139.1,3.0,12,444,6,1,3,49.0,38.1,15.0,12,1734,262,4,0,2600,0,0,0,9,4,600.0,14.0,1721.0,4.0,42,54.0,56.8,438.0,-10.0,35.6,10.25,6.0,2000.0,1.0,-0.836046495933536,0.0,0.0,1.0,200.0,22.0,1700.0,8.0,207,51.0,50.2,448.0,2.0,34.8,13.0,8.0,1800.0,1.0,-0.245577008008354,0.0,0.0,0.0,0.0,105.0,1596.0,11.0,212,51.0,247.5,444.0,0.0,38.0,8.75,7.0,1800.0,1.0,-0.4182993752245635,0.0,1.0,1.0,400.0,132.0,1460.0,15.0,105,54.0,17.6,448.0,-10.0,36.0,16.0,17.0,1400.0,1.0,0.6541860212109701,0.0,0.0,0.0,-200.0,56.0,1405.0,1.0,84,51.0,47.1,458.0,0.0,33.6,15.5,13.0,1600.0,3.0,0.1159349233744102,0.0,0.0,0.0
202210040812,20783,222,4,-2.366447005453905,70.9,11.25,8,462,2,2,5,57.0,36.9,11.0,12,1734,262,4,0,2600,0,0,0,9,4,400.0,28.0,1707.0,8.0,125,57.0,150.6,460.0,-4.0,35.8,8.25,6.0,2200.0,4.0,-1.301995207493543,0.0,0.0,0.0,0.0,57.0,1651.0,2.0,116,57.0,156.1,464.0,0.0,37.3,6.25,7.0,2200.0,4.0,-1.3260960029190605,0.0,1.0,0.0,0.0,21.0,1631.0,1.0,109,57.0,182.6,464.0,2.0,34.9,3.25,6.0,2200.0,4.0,-1.4104487869083728,0.0,3.0,0.0,400.0,21.0,1610.0,11.0,119,55.0,32.3,462.0,-10.0,36.8,8.25,9.0,1800.0,4.0,-0.3741145836111148,0.0,0.0,1.0,-600.0,14.0,1596.0,11.0,163,57.0,244.6,472.0,12.0,34.8,10.25,10.0,2400.0,4.0,-2.057153464159762,0.0,0.0,0.0
202210040812,20787,117,3,-2.3222622138404563,23.9,1.5,3,456,-8,0,3,53.0,36.9,8.0,12,1734,262,4,0,2600,0,0,0,9,4,0.0,7.0,1728.0,4.0,104,55.0,34.6,464.0,1.0,35.7,2.25,2.0,2600.0,1.0,-2.3383294107908013,0.0,0.0,0.0,600.0,342.0,1385.0,10.0,109,54.0,18.1,472.0,0.0,34.7,5.25,6.0,2000.0,1.0,-0.96056727229871,0.0,1.0,0.0,0.0,22.0,1364.0,12.0,102,54.0,5.3,472.0,0.0,37.1,5.5,5.0,2000.0,3.0,-0.8721976890718126,0.0,0.0,0.0,0.0,,,12.0,97,54.0,5.3,472.0,0.0,37.1,5.5,5.0,2000.0,3.0,-0.8721976890718126,0.0,0.0,0.0,0.0,,,12.0,94,54.0,5.3,472.0,0.0,37.1,5.5,5.0,2000.0,3.0,-0.8721976890718126,0.0,0.0,0.0
202210040812,21018,250,2,-2.3584134069787326,21.2,2.5,7,490,-2,0,3,54.0,37.9,7.0,12,1734,262,4,0,2600,0,0,0,9,4,0.0,56.0,1680.0,4.0,139,54.0,10.9,492.0,-6.0,35.4,5.5,7.0,2600.0,4.0,-2.314228615365284,0.0,0.0,0.0,1000.0,225.0,1452.0,9.0,129,55.0,46.5,494.0,2.0,34.7,17.0,6.0,1600.0,1.0,0.2404556997395844,0.0,0.0,0.0,0.0,48.0,1405.0,7.0,102,55.0,4.0,492.0,-6.0,35.0,3.0,7.0,1600.0,1.0,0.1802037111757903,0.0,0.0,0.0,0.0,20.0,1385.0,10.0,102,54.0,2.6,498.0,0.0,34.6,5.666666666666667,3.0,1600.0,3.0,0.1520861165126863,0.0,1.0,0.0,,,,,204,,,,,,,,,,,,,
202210040811,12561,51,8,1.2888403007496014,33.2,2.0,9,466,2,1,2,54.0,35.8,10.0,748,1734,262,7,0,1200,0,0,0,9,4,0.0,42.0,1694.0,11.0,48,53.0,5.2,464.0,-14.0,35.1,1.0,1.0,1200.0,1.0,1.3169578954127048,0.0,0.0,0.0,0.0,15.0,1679.0,7.0,45,53.0,12.5,478.0,0.0,34.6,5.0,3.0,1200.0,3.0,1.2848235015120146,0.0,0.0,1.0,0.0,,,7.0,41,53.0,12.5,478.0,0.0,34.6,5.0,3.0,1200.0,3.0,1.2848235015120146,0.0,0.0,1.0,,,,,210,,,,,,,,,,,,,,,,,,204,,,,,,,,,,,,,
202210040811,175,179,2,1.276789903036842,28.1,5.5,12,410,-2,1,2,54.0,35.8,8.0,748,1734,262,7,0,1200,0,0,0,9,4,0.0,42.0,1694.0,14.0,127,54.0,3.1,412.0,0.0,36.2,3.0,1.0,1200.0,3.0,1.212521115235462,0.0,0.0,0.0,0.0,,,14.0,118,54.0,3.1,412.0,0.0,36.2,3.0,1.0,1200.0,3.0,1.212521115235462,0.0,0.0,0.0,,,,,216,,,,,,,,,,,,,,,,,,210,,,,,,,,,,,,,,,,,,204,,,,,,,,,,,,,
202210040811,4614,185,5,1.276789903036842,6.2,1.0,11,478,10,0,2,54.0,36.2,2.0,748,1734,262,7,0,1200,0,0,0,9,4,0.0,84.0,1652.0,8.0,160,54.0,2.8,468.0,0.0,35.2,2.0,1.0,1200.0,3.0,1.272773103799256,0.0,0.0,0.0,0.0,,,8.0,150,54.0,2.8,468.0,0.0,35.2,2.0,1.0,1200.0,3.0,1.272773103799256,0.0,0.0,0.0,,,,,216,,,,,,,,,,,,,,,,,,210,,,,,,,,,,,,,,,,,,204,,,,,,,,,,,,,
202210040811,6077,109,3,1.2486723083737383,193.9,11.0,13,442,-2,1,2,54.0,35.7,13.0,748,1734,262,7,0,1200,0,0,0,9,4,0.0,8.0,1727.0,10.0,125,53.0,25.0,444.0,-12.0,35.3,6.0,3.0,1200.0,7.0,1.272773103799256,0.0,0.0,0.0,0.0,14.0,1713.0,2.0,116,54.0,94.3,456.0,8.0,34.7,7.0,5.0,1200.0,7.0,1.2888403007496014,0.0,0.0,0.0,0.0,28.0,1686.0,12.0,188,54.0,13.1,448.0,-8.0,36.2,4.0,6.0,1200.0,1.0,1.244655509136152,0.0,1.0,1.0,0.0,14.0,1672.0,14.0,183,54.0,27.6,456.0,0.0,36.9,3.0,6.0,1200.0,3.0,1.2245715129482206,0.0,0.0,0.0,,,,,204,,,,,,,,,,,,,
202210040811,6092,93,10,1.3169578954127048,21.1,2.5,5,458,-8,1,2,54.0,35.0,7.0,748,1734,262,7,0,1200,0,0,0,9,4,-200.0,71.0,1665.0,6.0,144,54.0,8.3,470.0,0.0,38.7,5.5,9.0,1400.0,3.0,0.6341020250230387,0.0,0.0,0.0,0.0,,,6.0,134,54.0,8.3,470.0,0.0,38.7,5.5,9.0,1400.0,3.0,0.6341020250230387,0.0,0.0,0.0,,,,,216,,,,,,,,,,,,,,,,,,210,,,,,,,,,,,,,,,,,,204,,,,,,,,,,,,,
202210040811,7768,250,13,1.3209746946502914,51.2,9.0,3,436,2,1,2,54.0,34.2,11.0,748,1734,262,7,0,1200,0,0,0,9,4,0.0,15.0,1720.0,13.0,125,54.0,43.8,434.0,0.0,34.8,2.5,1.0,1200.0,3.0,1.312941096175119,0.0,0.0,0.0,0.0,,,13.0,116,54.0,43.8,434.0,0.0,34.8,2.5,1.0,1200.0,3.0,1.312941096175119,0.0,0.0,0.0,0.0,,,13.0,109,54.0,43.8,434.0,0.0,34.8,2.5,1.0,1200.0,3.0,1.312941096175119,0.0,0.0,0.0,,,,,210,,,,,,,,,,,,,,,,,,204,,,,,,,,,,,,,
202210040811,2074,254,12,1.30089069846236,55.7,5.5,7,438,-2,0,2,54.0,35.2,12.0,748,1734,262,7,0,1200,0,0,0,9,4,0.0,22.0,1713.0,6.0,222,54.0,3.8,440.0,2.0,34.5,1.0,4.0,1200.0,7.0,1.3209746946502914,0.0,0.0,0.0,0.0,42.0,1672.0,5.0,207,51.0,1.3,438.0,4.0,35.7,2.0,1.0,1200.0,1.0,1.3169578954127048,0.0,0.0,0.0,0.0,20.0,1652.0,3.0,198,51.0,5.4,434.0,0.0,34.7,2.0,2.0,1200.0,3.0,1.252689107611325,0.0,0.0,0.0,0.0,,,3.0,193,51.0,5.4,434.0,0.0,34.7,2.0,2.0,1200.0,3.0,1.252689107611325,0.0,0.0,0.0,0.0,,,3.0,188,51.0,5.4,434.0,0.0,34.7,2.0,2.0,1200.0,3.0,1.252689107611325,0.0,0.0,0.0
202210040811,13507,89,11,1.3249914938878775,31.6,5.5,2,456,2,1,2,54.0,34.6,9.0,748,1734,262,7,0,1200,0,0,0,9,4,0.0,7.0,1728.0,1.0,218,54.0,2.1,454.0,0.0,34.9,1.0,1.0,1200.0,3.0,1.2968738992247737,0.0,0.0,0.0,0.0,,,1.0,203,54.0,2.1,454.0,0.0,34.9,1.0,1.0,1200.0,3.0,1.2968738992247737,0.0,0.0,0.0,,,,,216,,,,,,,,,,,,,,,,,,210,,,,,,,,,,,,,,,,,,204,,,,,,,,,,,,,
202210040811,17396,57,7,1.2808067022744287,6.5,11.0,10,408,-2,1,2,54.0,34.9,3.0,748,1734,262,7,0,1200,0,0,0,9,4,0.0,22.0,1713.0,9.0,54,54.0,9.0,410.0,-2.0,33.7,3.0,1.0,1200.0,7.0,1.3450754900758088,0.0,0.0,0.0,0.0,20.0,1694.0,7.0,50,50.0,7.1,412.0,10.0,34.8,8.5,3.0,1200.0,1.0,1.3089242969375323,0.0,0.0,0.0,0.0,21.0,1673.0,8.0,45,50.0,8.2,402.0,0.0,34.6,4.0,3.0,1200.0,3.0,1.3089242969375323,0.0,1.0,0.0,0.0,,,8.0,43,50.0,8.2,402.0,0.0,34.6,4.0,3.0,1200.0,3.0,1.3089242969375323,0.0,1.0,0.0,,,,,204,,,,,,,,,,,,,
202210040811,17962,85,4,1.2968738992247737,8.9,2.5,8,424,0,1,2,54.0,35.5,5.0,748,1734,262,7,0,1200,0,0,0,9,4,0.0,22.0,1713.0,12.0,77,54.0,2.8,424.0,0.0,34.3,1.0,1.0,1200.0,3.0,1.3089242969375323,0.0,0.0,0.0,0.0,,,12.0,72,54.0,2.8,424.0,0.0,34.3,1.0,1.0,1200.0,3.0,1.3089242969375323,0.0,0.0,0.0,0.0,,,12.0,66,54.0,2.8,424.0,0.0,34.3,1.0,1.0,1200.0,3.0,1.3089242969375323,0.0,0.0,0.0,0.0,,,12.0,64,54.0,2.8,424.0,0.0,34.3,1.0,1.0,1200.0,3.0,1.3089242969375323,0.0,0.0,0.0,,,,,204,,,,,,,,,,,,,
202210040811,18104,71,6,1.3089242969375323,14.2,9.0,6,478,2,0,2,54.0,34.6,6.0,748,1734,262,7,0,1200,0,0,0,9,4,0.0,14.0,1721.0,7.0,139,54.0,12.3,476.0,0.0,34.2,3.0,1.0,1200.0,3.0,1.3209746946502914,0.0,1.0,2.0,0.0,,,7.0,129,54.0,12.3,476.0,0.0,34.2,3.0,1.0,1200.0,3.0,1.3209746946502914,0.0,1.0,2.0,,,,,216,,,,,,,,,,,,,,,,,,210,,,,,,,,,,,,,,,,,,204,,,,,,,,,,,,,
202210040811,20878,163,1,1.329008293125464,7.4,13.0,1,498,-10,0,2,54.0,33.1,4.0,748,1734,262,7,0,1200,0,0,0,9,4,0.0,63.0,1673.0,6.0,139,54.0,4.2,508.0,0.0,34.4,3.0,1.0,1200.0,3.0,1.3249914938878775,0.0,1.0,0.0,0.0,,,6.0,129,54.0,4.2,508.0,0.0,34.4,3.0,1.0,1200.0,3.0,1.3249914938878775,0.0,1.0,0.0,,,,,216,,,,,,,,,,,,,,,,,,210,,,,,,,,,,,,,,,,,,204,,,,,,,,,,,,,
202210040811,15789,221,9,1.3169578954127048,2.6,4.0,4,484,8,0,2,54.0,35.0,1.0,748,1734,262,7,0,1200,0,0,0,9,4,0.0,84.0,1652.0,1.0,190,54.0,1.4,476.0,0.0,33.8,3.0,1.0,1200.0,3.0,1.276789903036842,0.0,0.0,0.0,,,,,226,,,,,,,,,,,,,,,,,,216,,,,,,,,,,,,,,,,,,210,,,,,,,,,,,,,,,,,,204,,,,,,,,,,,,,
202210040809,8165,250,9,1.329008293125464,9.0,2.0,6,512,4,0,4,57.0,34.6,4.0,350,1734,262,5,0,1200,0,0,0,9,4,0.0,56.0,1680.0,4.0,218,57.0,6.2,508.0,2.0,34.2,3.0,2.0,1200.0,5.0,1.3490922893133954,0.0,0.0,0.0,0.0,42.0,1639.0,12.0,203,55.0,8.2,506.0,2.0,35.2,4.0,9.0,1200.0,5.0,1.276789903036842,0.0,0.0,0.0,0.0,22.0,1617.0,4.0,194,57.0,11.6,504.0,-14.0,34.4,4.5,6.0,1200.0,5.0,1.2808067022744287,0.0,0.0,0.0,-200.0,21.0,1596.0,8.0,62,57.0,9.2,518.0,-6.0,35.0,2.0,11.0,1400.0,5.0,0.8148579907144209,0.0,0.0,0.0,200.0,49.0,1546.0,9.0,61,57.0,7.5,524.0,-6.0,34.6,1.0,1.0,1200.0,4.0,1.3209746946502914,0.0,0.0,0.0
202210040809,955,163,11,1.329008293125464,7.9,2.0,5,466,4,0,3,55.0,34.6,3.0,350,1734,262,5,0,1200,0,0,0,9,4,0.0,42.0,1694.0,10.0,117,54.0,24.4,462.0,-6.0,35.4,3.5,5.0,1200.0,5.0,1.3370418916006364,0.0,1.0,0.0,-200.0,28.0,1666.0,4.0,179,53.0,6.2,468.0,4.0,36.2,4.5,12.0,1400.0,5.0,0.7827235968137308,0.0,0.0,0.0,200.0,119.0,1547.0,1.0,136,56.0,6.4,464.0,-12.0,34.8,11.5,10.0,1200.0,7.0,1.2928570999871871,0.0,0.0,0.0,-200.0,29.0,1519.0,1.0,96,56.0,9.1,476.0,8.0,33.7,1.0,4.0,1400.0,7.0,0.7626396006257995,0.0,0.0,0.0,200.0,55.0,1460.0,7.0,93,55.0,7.3,468.0,0.0,34.2,3.0,1.0,1200.0,4.0,1.2607227060864974,0.0,1.0,0.0
202210040809,1019,85,8,1.3209746946502914,46.3,7.0,10,448,-4,1,4,55.0,34.7,14.0,350,1734,262,5,0,1200,0,0,0,9,4,0.0,14.0,1721.0,14.0,25,55.0,14.4,452.0,-2.0,34.5,6.5,1.0,1200.0,4.0,1.341058690838223,0.0,0.0,1.0,0.0,85.0,1638.0,10.0,132,53.0,9.1,454.0,-12.0,34.6,9.5,8.0,1200.0,4.0,1.2567059068489106,0.0,0.0,0.0,0.0,111.0,1526.0,14.0,209,55.0,20.9,466.0,18.0,34.4,5.0,5.0,1200.0,4.0,1.30089069846236,0.0,0.0,0.0,0.0,197.0,1329.0,4.0,77,52.0,5.6,448.0,2.0,35.6,7.5,9.0,1200.0,4.0,1.2647395053240835,0.0,0.0,0.0,0.0,14.0,1315.0,5.0,75,54.0,10.6,446.0,-6.0,35.6,5.0,1.0,1200.0,1.0,1.2808067022744287,0.0,1.0,0.0
202210040809,2191,254,18,1.3450754900758088,6.0,12.0,1,488,4,0,3,55.0,33.6,2.0,350,1734,262,5,0,1200,0,0,0,9,4,0.0,57.0,1679.0,5.0,222,51.0,11.4,484.0,2.0,34.1,8.5,1.0,1200.0,4.0,1.3490922893133954,0.0,0.0,0.0,0.0,27.0,1652.0,13.0,207,51.0,7.7,482.0,0.0,33.9,11.0,3.0,1200.0,4.0,1.2968738992247737,0.0,0.0,0.0,0.0,21.0,1632.0,16.0,198,53.0,38.6,482.0,4.0,33.9,14.0,1.0,1200.0,1.0,1.2928570999871871,0.0,0.0,1.0,-600.0,197.0,1431.0,6.0,148,55.0,5.1,492.0,0.0,33.9,6.5,7.0,1800.0,3.0,-0.4624841668380128,0.0,0.0,0.0,0.0,,,6.0,144,55.0,5.1,492.0,0.0,33.9,6.5,7.0,1800.0,3.0,-0.4624841668380128,0.0,0.0,0.0
202210040809,3306,93,7,1.3169578954127048,4.5,2.0,15,494,2,1,3,53.0,35.0,1.0,350,1734,262,5,0,1200,0,0,0,9,4,0.0,42.0,1694.0,7.0,85,52.0,4.5,492.0,12.0,36.0,1.5,7.0,1200.0,5.0,1.3249914938878775,0.0,1.0,0.0,0.0,57.0,1638.0,9.0,219,54.0,6.6,478.0,10.0,34.7,11.0,5.0,1200.0,7.0,1.304907497699946,0.0,0.0,0.0,0.0,90.0,1547.0,10.0,209,54.0,45.4,468.0,5.0,34.3,9.0,3.0,1200.0,7.0,1.3209746946502914,0.0,0.0,0.0,0.0,105.0,1439.0,7.0,204,55.0,2.5,476.0,2.0,35.9,4.0,5.0,1200.0,7.0,1.252689107611325,0.0,0.0,0.0,0.0,120.0,1322.0,6.0,198,54.0,6.0,474.0,2.0,36.0,3.0,2.0,1200.0,7.0,1.2486723083737383,0.0,0.0,0.0
202210040809,3438,57,15,1.304907497699946,10.2,18.0,18,480,6,0,3,55.0,34.2,7.0,350,1734,262,5,0,1200,0,0,0,9,4,0.0,99.0,1638.0,3.0,191,56.0,44.7,474.0,-4.0,35.2,5.0,8.0,1200.0,7.0,1.2968738992247737,0.0,0.0,0.0,-200.0,20.0,1618.0,1.0,116,56.0,4.2,478.0,0.0,36.1,2.0,10.0,1400.0,7.0,0.8028075930016622,0.0,0.0,0.0,0.0,50.0,1569.0,4.0,160,56.0,15.9,478.0,-10.0,37.3,1.0,7.0,1400.0,7.0,0.7827235968137308,0.0,1.0,1.0,200.0,20.0,1547.0,8.0,167,56.0,12.1,488.0,4.0,35.6,3.0,9.0,1200.0,7.0,1.2928570999871871,0.0,0.0,0.0,-400.0,70.0,1474.0,1.0,163,55.0,55.1,484.0,8.0,37.1,1.0,14.0,1600.0,7.0,0.2324221012644117,0.0,0.0,0.0
202210040809,3783,221,4,1.3249914938878775,15.5,8.0,9,478,2,0,5,57.0,34.4,8.0,350,1734,262,5,0,1200,0,0,0,9,4,0.0,49.0,1687.0,5.0,125,57.0,13.5,476.0,-4.0,33.7,6.5,4.0,1200.0,5.0,1.361142687026154,0.0,0.0,0.0,0.0,57.0,1631.0,5.0,80,57.0,8.2,480.0,-2.0,34.4,7.5,10.0,1200.0,5.0,1.2848235015120146,0.0,3.0,0.0,0.0,14.0,1617.0,11.0,74,57.0,14.9,482.0,2.0,34.4,9.0,13.0,1200.0,5.0,1.2647395053240835,0.0,0.0,0.0,-200.0,104.0,1513.0,3.0,72,54.0,15.2,486.0,6.0,34.8,5.0,7.0,1400.0,5.0,0.7867403960513175,0.0,2.0,0.0,0.0,63.0,1446.0,13.0,75,57.0,26.9,480.0,0.0,34.4,13.5,16.0,1400.0,5.0,0.7465724036754547,0.0,1.0,0.0
202210040809,4932,166,5,1.3209746946502914,57.6,7.0,14,462,-2,1,4,55.0,34.6,16.0,350,1734,262,5,0,1200,0,0,0,9,4,-200.0,134.0,1603.0,5.0,211,55.0,43.0,466.0,-8.0,33.5,7.5,7.0,1400.0,5.0,0.7947739945264896,0.0,0.0,0.0,0.0,33.0,1571.0,7.0,116,55.0,15.4,474.0,-6.0,34.6,9.5,8.0,1400.0,5.0,0.7787067975761448,0.0,0.0,0.0,200.0,30.0,1539.0,11.0,111,55.0,3.7,480.0,2.0,35.4,12.5,9.0,1200.0,5.0,1.2205547137106347,0.0,3.0,2.0,0.0,21.0,1519.0,14.0,106,54.0,9.3,478.0,14.0,33.9,4.5,3.0,1200.0,5.0,1.2968738992247737,0.0,0.0,0.0,0.0,140.0,1376.0,3.0,103,53.0,9.2,464.0,-4.0,33.2,10.0,5.0,1200.0,5.0,1.3209746946502914,0.0,0.0,0.0
202210040809,7123,255,6,1.3370418916006364,9.9,1.0,2,498,2,1,4,55.0,34.6,6.0,350,1734,262,5,0,1200,0,0,0,9,4,0.0,64.0,1672.0,12.0,122,55.0,3.5,496.0,-2.0,34.3,2.0,1.0,1200.0,4.0,1.3731930847389129,0.0,0.0,0.0,0.0,20.0,1652.0,3.0,208,55.0,11.5,498.0,-6.0,35.0,2.0,2.0,1200.0,4.0,1.30089069846236,0.0,0.0,0.0,-200.0,190.0,1459.0,9.0,145,50.0,12.9,504.0,8.0,36.7,1.0,14.0,1400.0,4.0,0.7626396006257995,0.0,1.0,0.0,200.0,20.0,1439.0,2.0,194,54.0,4.2,496.0,12.0,35.3,5.5,2.0,1200.0,4.0,1.2647395053240835,0.0,0.0,0.0,0.0,105.0,1336.0,4.0,189,54.0,3.9,484.0,-8.0,34.6,1.0,1.0,1200.0,1.0,1.30089069846236,0.0,1.0,0.0
202210040809,8072,91,2,1.33302509236305,58.9,6.0,3,460,2,1,4,55.0,34.4,17.0,350,1734,262,5,0,1200,0,0,0,9,4,200.0,28.0,1707.0,11.0,218,55.0,10.0,458.0,-2.0,32.5,13.0,3.0,1000.0,5.0,1.8311081978237476,0.0,0.0,0.0,-200.0,71.0,1638.0,3.0,203,55.0,11.6,460.0,0.0,34.7,4.5,1.0,1200.0,4.0,1.276789903036842,0.0,0.0,0.0,0.0,14.0,1624.0,13.0,194,55.0,13.5,460.0,-4.0,35.8,5.5,2.0,1200.0,4.0,1.2486723083737383,0.0,2.0,1.0,0.0,77.0,1546.0,16.0,86,55.0,66.6,464.0,0.0,35.1,4.5,11.0,1200.0,4.0,1.2888403007496014,0.0,0.0,0.0,0.0,34.0,1513.0,14.0,184,54.0,13.4,464.0,10.0,36.5,3.5,6.0,1200.0,4.0,1.2366219106609797,0.0,3.0,2.0
202210040809,8275,109,13,1.3249914938878775,26.8,13.5,8,470,2,0,4,57.0,34.1,10.0,350,1734,262,5,0,1200,0,0,0,9,4,0.0,42.0,1694.0,8.0,144,57.0,22.9,468.0,-2.0,34.8,7.5,4.0,1200.0,5.0,1.3370418916006364,0.0,1.0,0.0,0.0,14.0,1680.0,6.0,90,57.0,6.1,470.0,6.0,33.9,6.5,4.0,1200.0,5.0,1.3249914938878775,0.0,0.0,0.0,0.0,64.0,1617.0,13.0,152,57.0,31.3,464.0,-10.0,34.3,7.0,7.0,1200.0,5.0,1.2808067022744287,0.0,0.0,0.0,0.0,13.0,1604.0,15.0,78,57.0,20.4,474.0,12.0,34.8,8.5,3.0,1200.0,5.0,1.276789903036842,0.0,1.0,0.0,0.0,71.0,1532.0,14.0,128,55.0,6.6,462.0,-6.0,34.4,10.5,12.0,1200.0,5.0,1.33302509236305,0.0,0.0,0.0
202210040809,10570,89,16,1.3209746946502914,21.6,16.0,12,478,0,1,5,55.0,34.0,9.0,350,1734,262,5,0,1200,0,0,0,9,4,0.0,14.0,1721.0,5.0,218,55.0,12.6,478.0,4.0,34.4,9.0,4.0,1200.0,5.0,1.341058690838223,0.0,0.0,1.0,0.0,35.0,1687.0,7.0,203,55.0,6.3,474.0,2.0,33.8,4.0,3.0,1200.0,5.0,1.3651594862637402,0.0,0.0,0.0,0.0,84.0,1604.0,6.0,194,55.0,14.4,472.0,16.0,34.4,12.0,2.0,1200.0,5.0,1.2848235015120146,0.0,1.0,0.0,0.0,71.0,1532.0,5.0,106,52.0,43.6,456.0,-12.0,34.7,5.0,14.0,1200.0,5.0,1.329008293125464,0.0,0.0,0.0,0.0,77.0,1452.0,3.0,184,55.0,18.6,468.0,8.0,35.7,5.5,9.0,1200.0,5.0,1.2486723083737383,0.0,1.0,0.0
202210040809,11038,272,17,1.3169578954127048,28.9,14.5,16,448,4,1,4,55.0,34.1,11.0,350,1734,262,5,0,1200,0,0,0,9,4,0.0,42.0,1694.0,4.0,125,55.0,38.4,444.0,-2.0,35.4,5.0,8.0,1200.0,5.0,1.3169578954127048,0.0,1.0,0.0,-200.0,28.0,1666.0,3.0,116,52.0,57.7,446.0,12.0,34.6,15.0,6.0,1400.0,5.0,0.8028075930016622,0.0,0.0,0.0,0.0,161.0,1506.0,7.0,210,54.0,55.7,434.0,4.0,35.2,5.0,6.0,1400.0,5.0,0.7947739945264896,0.0,0.0,0.0,0.0,42.0,1460.0,5.0,205,54.0,34.7,430.0,-8.0,34.8,5.0,6.0,1400.0,5.0,0.7987907937640762,0.0,1.0,0.0,0.0,35.0,1426.0,16.0,199,53.0,18.9,438.0,4.0,34.8,12.5,1.0,1400.0,4.0,0.7505892029130408,0.0,0.0,0.0
202210040809,11307,185,12,1.3209746946502914,9.5,2.0,13,490,4,0,3,55.0,34.8,5.0,350,1734,262,5,0,1200,0,0,0,9,4,-400.0,141.0,1596.0,7.0,160,56.0,40.3,486.0,-6.0,34.9,16.5,17.0,1600.0,7.0,0.276606892877861,0.0,0.0,0.0,200.0,28.0,1569.0,17.0,150,56.0,25.9,492.0,10.0,38.8,4.5,17.0,1400.0,7.0,0.7064044112995921,0.0,1.0,1.0,0.0,49.0,1519.0,9.0,142,56.0,,0.0,0.0,38.8,4.5,10.0,1400.0,7.0,0.6943540135868328,0.0,0.0,0.0,0.0,70.0,1445.0,9.0,137,55.0,3.9,482.0,0.0,35.1,1.0,1.0,1400.0,4.0,0.7867403960513175,0.0,0.0,0.0,200.0,35.0,1411.0,9.0,133,55.0,2.0,482.0,2.0,34.8,1.0,1.0,1200.0,1.0,1.2808067022744287,0.0,0.0,0.0
202210040809,11992,71,14,1.3249914938878775,30.2,14.5,7,408,6,1,3,53.0,33.9,12.0,350,1734,262,5,0,1200,0,0,0,9,4,0.0,21.0,1714.0,16.0,97,52.0,61.9,402.0,-2.0,34.5,5.0,1.0,1200.0,4.0,1.341058690838223,0.0,0.0,0.0,0.0,127.0,1589.0,1.0,90,54.0,60.6,404.0,-4.0,34.7,5.0,6.0,1200.0,4.0,1.2968738992247737,0.0,0.0,0.0,0.0,77.0,1512.0,10.0,84,54.0,31.7,408.0,-14.0,35.0,8.5,7.0,1200.0,4.0,1.3089242969375323,0.0,0.0,0.0,0.0,12.0,1500.0,10.0,86,52.0,14.9,422.0,6.0,35.3,2.5,8.0,1200.0,4.0,1.2567059068489106,0.0,0.0,0.0,-400.0,29.0,1467.0,4.0,76,54.0,325.9,416.0,-10.0,36.1,2.0,13.0,1600.0,7.0,0.2364389005019983,0.0,0.0,0.0
202210040809,14394,222,3,1.3169578954127048,92.7,7.0,17,470,-2,2,6,57.0,34.8,18.0,350,1734,262,5,0,1200,0,0,0,9,4,0.0,56.0,1680.0,1.0,212,57.0,33.9,472.0,0.0,34.3,4.0,5.0,1200.0,5.0,1.3209746946502914,0.0,0.0,0.0,0.0,22.0,1658.0,5.0,197,57.0,56.0,472.0,8.0,35.9,4.0,10.0,1200.0,5.0,1.2567059068489106,0.0,0.0,0.0,0.0,140.0,1519.0,4.0,153,57.0,17.3,464.0,-2.0,34.5,4.5,13.0,1200.0,5.0,1.272773103799256,0.0,0.0,0.0,0.0,21.0,1498.0,1.0,148,57.0,10.0,466.0,0.0,34.6,2.5,4.0,1200.0,5.0,1.30089069846236,0.0,0.0,0.0,0.0,21.0,1473.0,11.0,133,55.0,9.6,466.0,10.0,34.5,7.5,4.0,1200.0,5.0,1.2808067022744287,0.0,0.0,0.0
202210040809,18084,194,1,1.329008293125464,48.3,11.5,4,452,2,1,4,55.0,34.1,15.0,350,1734,262,5,0,1200,0,0,0,9,4,0.0,42.0,1694.0,6.0,77,55.0,25.3,450.0,-14.0,34.2,9.5,6.0,1200.0,5.0,1.3370418916006364,0.0,1.0,0.0,0.0,36.0,1658.0,11.0,159,55.0,9.3,464.0,0.0,33.8,8.5,5.0,1200.0,5.0,1.312941096175119,0.0,0.0,0.0,0.0,7.0,1651.0,4.0,151,55.0,11.1,464.0,-6.0,34.5,10.0,5.0,1200.0,5.0,1.3089242969375323,0.0,0.0,0.0,0.0,70.0,1582.0,8.0,146,55.0,12.8,472.0,4.0,33.6,8.5,3.0,1200.0,5.0,1.3089242969375323,0.0,0.0,0.0,0.0,49.0,1532.0,8.0,142,53.0,15.4,464.0,-4.0,33.8,9.5,3.0,1200.0,5.0,1.3490922893133954,0.0,0.0,0.0
202210040809,20863,106,10,1.3209746946502914,41.2,10.5,11,466,-2,2,6,57.0,34.5,13.0,350,1734,262,5,0,1200,0,0,0,9,4,0.0,42.0,1694.0,9.0,95,57.0,57.9,468.0,0.0,34.3,9.0,3.0,1200.0,5.0,1.341058690838223,0.0,1.0,0.0,0.0,7.0,1687.0,4.0,211,57.0,37.7,468.0,-4.0,34.1,4.0,6.0,1200.0,5.0,1.353109088550981,0.0,0.0,0.0,-200.0,92.0,1596.0,5.0,82,57.0,153.2,472.0,-4.0,34.4,5.0,7.0,1400.0,5.0,0.8269083884271802,0.0,0.0,0.0,200.0,14.0,1582.0,9.0,197,57.0,42.3,476.0,-4.0,34.5,9.5,11.0,1200.0,5.0,1.2607227060864974,0.0,0.0,0.0,0.0,84.0,1498.0,11.0,192,57.0,187.6,480.0,0.0,33.6,9.5,5.0,1200.0,5.0,1.30089069846236,0.0,0.0,0.0
202210040807,12560,250,11,1.3490922893133954,5.3,3.0,1,496,6,0,3,55.0,34.5,3.0,12,1734,262,4,0,1200,0,0,0,9,4,0.0,43.0,1693.0,5.0,125,54.0,7.9,490.0,-10.0,34.6,3.0,13.0,1200.0,4.0,1.33302509236305,0.0,0.0,0.0,0.0,21.0,1672.0,10.0,116,54.0,3.7,500.0,-8.0,34.2,2.5,2.0,1200.0,4.0,1.3731930847389129,0.0,0.0,0.0,0.0,84.0,1589.0,4.0,109,56.0,3.1,508.0,0.0,34.8,2.0,4.0,1200.0,4.0,1.304907497699946,0.0,0.0,0.0,0.0,42.0,1546.0,4.0,189,56.0,4.4,510.0,6.0,34.7,2.0,1.0,1200.0,1.0,1.3209746946502914,0.0,0.0,0.0,0.0,84.0,1459.0,11.0,112,55.0,3.4,508.0,4.0,34.6,4.0,4.0,1200.0,1.0,1.2607227060864974,0.0,0.0,0.0
202210040807,413,85,15,1.329008293125464,10.4,6.0,6,476,0,0,3,55.0,34.5,5.0,12,1734,262,4,0,1200,0,0,0,9,4,0.0,21.0,1714.0,9.0,190,54.0,5.2,476.0,0.0,35.1,5.0,8.0,1200.0,4.0,1.3169578954127048,0.0,0.0,0.0,-200.0,71.0,1644.0,8.0,219,54.0,7.0,476.0,-2.0,34.6,2.0,4.0,1400.0,4.0,0.8429755853775249,0.0,0.0,0.0,200.0,14.0,1631.0,12.0,171,56.0,4.6,478.0,4.0,33.8,6.0,3.0,1200.0,4.0,1.2928570999871871,0.0,1.0,0.0,0.0,104.0,1526.0,15.0,62,56.0,2.2,466.0,0.0,34.2,3.0,1.0,1200.0,1.0,1.272773103799256,0.0,0.0,0.0,0.0,22.0,1505.0,2.0,61,56.0,3.3,466.0,2.0,34.9,3.0,2.0,1200.0,1.0,1.3169578954127048,0.0,0.0,0.0
202210040807,2798,93,5,1.3450754900758088,4.8,1.0,2,450,-4,1,3,53.0,34.8,2.0,12,1734,262,4,0,1200,0,0,0,9,4,0.0,64.0,1672.0,9.0,85,54.0,7.5,454.0,14.0,35.3,2.0,1.0,1200.0,1.0,1.3490922893133954,0.0,0.0,0.0,0.0,140.0,1532.0,14.0,70,54.0,2.4,444.0,-2.0,35.2,9.5,8.0,1200.0,1.0,1.276789903036842,0.0,0.0,0.0,-200.0,55.0,1474.0,3.0,59,50.0,5.1,446.0,-6.0,35.6,14.0,9.0,1400.0,1.0,0.7345220059626956,0.0,0.0,0.0,200.0,29.0,1445.0,14.0,62,54.0,3.8,452.0,-4.0,34.8,5.5,3.0,1200.0,1.0,1.244655509136152,0.0,0.0,0.0,0.0,13.0,1432.0,1.0,61,54.0,1.8,456.0,0.0,36.2,3.0,2.0,1200.0,3.0,1.208504315997876,0.0,0.0,0.0
202210040807,7604,71,14,1.33302509236305,37.0,9.0,4,442,-12,0,4,57.0,33.9,9.0,12,1734,262,4,0,1200,0,0,0,9,4,-200.0,71.0,1665.0,15.0,139,57.0,18.1,454.0,-2.0,36.2,9.5,17.0,1400.0,4.0,0.7586228013882135,0.0,1.0,0.0,0.0,21.0,1644.0,3.0,179,57.0,18.8,456.0,0.0,34.2,3.5,3.0,1400.0,4.0,0.8510091838526976,0.0,0.0,0.0,200.0,119.0,1525.0,12.0,64,57.0,7.0,456.0,2.0,34.4,6.0,7.0,1200.0,4.0,1.2808067022744287,0.0,4.0,0.0,0.0,21.0,1505.0,7.0,62,56.0,4.1,454.0,0.0,34.5,7.5,6.0,1200.0,4.0,1.312941096175119,0.0,0.0,0.0,-200.0,56.0,1445.0,10.0,101,56.0,17.9,454.0,4.0,35.4,7.0,8.0,1400.0,4.0,0.7706731991009722,0.0,0.0,0.0
202210040807,11027,221,9,1.3169578954127048,3.2,9.0,12,484,-2,0,3,55.0,34.5,1.0,12,1734,262,4,0,1200,0,0,0,9,4,0.0,21.0,1714.0,11.0,25,54.0,5.5,486.0,2.0,34.0,10.0,2.0,1200.0,4.0,1.341058690838223,0.0,0.0,0.0,0.0,29.0,1686.0,5.0,109,54.0,4.6,484.0,-2.0,34.0,7.0,2.0,1200.0,4.0,1.329008293125464,0.0,0.0,0.0,0.0,187.0,1500.0,1.0,102,56.0,4.0,476.0,-4.0,34.5,6.5,5.0,1200.0,4.0,1.276789903036842,0.0,0.0,0.0,-200.0,16.0,1480.0,11.0,97,55.0,4.5,480.0,-4.0,34.9,6.0,4.0,1400.0,4.0,0.7505892029130408,0.0,1.0,0.0,200.0,20.0,1460.0,2.0,94,55.0,3.0,484.0,-6.0,34.0,7.0,2.0,1200.0,4.0,1.2567059068489106,0.0,1.0,0.0
202210040807,11685,109,7,1.3209746946502914,6.4,10.0,8,450,4,0,3,55.0,34.3,4.0,12,1734,262,4,0,1200,0,0,0,9,4,0.0,43.0,1693.0,17.0,190,54.0,9.3,446.0,-4.0,33.6,11.5,6.0,1200.0,4.0,1.3490922893133954,0.0,0.0,0.0,0.0,14.0,1679.0,8.0,179,54.0,5.6,450.0,2.0,34.5,6.0,2.0,1200.0,4.0,1.3450754900758088,0.0,0.0,0.0,0.0,91.0,1589.0,7.0,184,56.0,19.1,448.0,2.0,33.9,11.0,3.0,1200.0,4.0,1.312941096175119,0.0,0.0,0.0,0.0,48.0,1540.0,10.0,179,56.0,5.7,450.0,0.0,35.4,10.0,7.0,1200.0,4.0,1.212521115235462,0.0,0.0,1.0,0.0,22.0,1519.0,9.0,174,56.0,2.7,450.0,10.0,34.8,9.0,1.0,1200.0,1.0,1.276789903036842,0.0,1.0,0.0
202210040807,12113,57,10,1.33302509236305,37.9,12.0,5,474,2,1,4,51.0,33.6,10.0,12,1734,262,4,0,1200,0,0,0,9,4,-200.0,77.0,1659.0,2.0,222,52.0,72.4,472.0,2.0,34.6,13.0,7.0,1400.0,4.0,0.7827235968137308,0.0,0.0,0.0,0.0,15.0,1644.0,9.0,196,55.0,93.0,470.0,-2.0,34.0,14.5,12.0,1400.0,4.0,0.8148579907144209,0.0,0.0,0.0,-200.0,13.0,1632.0,1.0,187,55.0,54.1,472.0,2.0,34.8,14.0,5.0,1600.0,4.0,0.2565228966899297,0.0,0.0,0.0,200.0,15.0,1617.0,13.0,193,52.0,48.9,470.0,-6.0,33.9,13.5,12.0,1400.0,4.0,0.8269083884271802,0.0,0.0,0.0,200.0,98.0,1519.0,4.0,84,52.0,36.7,476.0,6.0,34.7,11.5,16.0,1200.0,4.0,1.252689107611325,0.0,0.0,0.0
202210040807,12207,166,3,1.252689107611325,253.7,10.5,15,570,2,0,5,55.0,36.2,15.0,12,1734,262,4,0,1200,0,0,0,9,4,-400.0,182.0,1556.0,17.0,81,57.0,235.9,578.0,-2.0,36.4,13.5,14.0,1600.0,4.0,0.216354904314067,0.0,0.0,0.0,-400.0,14.0,1540.0,9.0,76,57.0,93.4,580.0,16.0,40.2,8.75,13.0,2000.0,4.0,-1.0650040524759534,0.0,0.0,1.0,,,,,216,,,,,,,,,,,,,,,,,,210,,,,,,,,,,,,,,,,,,204,,,,,,,,,,,,,
202210040807,18412,91,1,1.3169578954127048,86.4,12.0,10,478,8,0,3,55.0,33.9,14.0,12,1734,262,4,0,1200,0,0,0,9,4,0.0,14.0,1721.0,12.0,83,54.0,106.1,470.0,0.0,34.3,11.0,7.0,1200.0,4.0,1.329008293125464,0.0,0.0,1.0,0.0,211.0,1512.0,8.0,134,56.0,94.6,474.0,6.0,36.2,5.0,12.0,1200.0,4.0,1.276789903036842,0.0,0.0,0.0,0.0,48.0,1460.0,5.0,149,55.0,22.2,468.0,4.0,35.2,6.0,8.0,1200.0,4.0,1.2165379144730482,0.0,1.0,0.0,0.0,70.0,1391.0,1.0,97,54.0,4.9,464.0,8.0,35.5,3.0,1.0,1200.0,1.0,1.2647395053240835,0.0,1.0,0.0,-200.0,15.0,1376.0,2.0,94,54.0,7.3,456.0,0.0,35.8,5.0,4.0,1400.0,3.0,0.7305052067251094,0.0,1.0,0.0
202210040807,14578,245,13,1.341058690838223,22.6,2.0,3,456,-2,1,4,55.0,34.8,8.0,12,1734,262,4,0,1200,0,0,0,9,4,0.0,7.0,1728.0,6.0,213,55.0,7.6,458.0,4.0,34.8,2.0,2.0,1200.0,4.0,1.3370418916006364,0.0,0.0,0.0,-200.0,70.0,1659.0,13.0,97,53.0,145.9,454.0,2.0,36.5,4.5,12.0,1400.0,4.0,0.7305052067251094,0.0,0.0,0.0,0.0,28.0,1632.0,7.0,90,53.0,62.8,452.0,0.0,35.3,7.0,6.0,1400.0,4.0,0.7465724036754547,0.0,0.0,0.0,400.0,15.0,1617.0,2.0,86,53.0,70.6,452.0,8.0,33.2,14.0,6.0,1000.0,4.0,1.811024201635816,0.0,0.0,0.0,-200.0,84.0,1532.0,11.0,117,55.0,28.2,444.0,-4.0,35.3,6.0,16.0,1200.0,4.0,1.2888403007496014,0.0,0.0,0.0
202210040807,16077,185,16,1.3209746946502914,15.9,10.0,7,470,0,0,5,57.0,34.2,7.0,12,1734,262,4,0,1200,0,0,0,9,4,0.0,21.0,1714.0,2.0,139,57.0,18.7,470.0,12.0,34.0,16.5,11.0,1200.0,4.0,1.312941096175119,0.0,0.0,0.0,0.0,78.0,1638.0,5.0,159,56.0,4.6,458.0,-2.0,34.2,8.5,3.0,1200.0,4.0,1.272773103799256,0.0,0.0,0.0,0.0,14.0,1624.0,12.0,142,57.0,5.6,460.0,2.0,34.4,6.0,2.0,1200.0,4.0,1.2848235015120146,0.0,0.0,2.0,0.0,27.0,1597.0,16.0,146,57.0,28.6,458.0,-2.0,35.6,11.5,3.0,1200.0,4.0,1.2285883121858072,0.0,0.0,0.0,0.0,50.0,1546.0,18.0,38,57.0,26.2,460.0,0.0,34.3,15.5,9.0,1200.0,4.0,1.2928570999871871,0.0,0.0,0.0
202210040807,16769,89,4,1.3169578954127048,81.7,3.0,11,426,2,0,5,57.0,35.3,13.0,12,1734,262,4,0,1200,0,0,0,9,4,0.0,21.0,1714.0,17.0,81,57.0,132.2,424.0,-4.0,34.9,3.0,5.0,1200.0,4.0,1.329008293125464,0.0,0.0,0.0,0.0,36.0,1679.0,10.0,129,57.0,108.4,428.0,12.0,35.0,6.0,8.0,1200.0,4.0,1.3249914938878775,0.0,0.0,0.0,0.0,56.0,1624.0,12.0,40,57.0,35.1,416.0,-4.0,36.1,8.5,7.0,1200.0,4.0,1.2285883121858072,0.0,2.0,1.0,0.0,14.0,1610.0,9.0,54,57.0,93.7,420.0,4.0,35.3,5.5,8.0,1200.0,4.0,1.2165379144730482,0.0,0.0,1.0,0.0,13.0,1597.0,8.0,134,57.0,63.8,416.0,0.0,36.5,9.0,13.0,1200.0,4.0,1.204487516760289,0.0,0.0,0.0
202210040807,17530,163,6,1.304907497699946,14.8,7.0,13,464,-4,2,4,57.0,35.0,6.0,12,1734,262,4,0,1200,0,0,0,9,4,0.0,413.0,1323.0,5.0,139,56.0,6.2,468.0,-10.0,35.3,11.5,8.0,1200.0,1.0,1.2808067022744287,0.0,1.0,0.0,-200.0,231.0,1089.0,6.0,39,55.0,5.3,472.0,0.0,35.5,6.5,6.0,1400.0,3.0,0.6943540135868328,0.0,0.0,0.0,,,,,216,,,,,,,,,,,,,,,,,,210,,,,,,,,,,,,,,,,,,204,,,,,,,,,,,,,
202210040807,18099,254,12,1.2808067022744287,43.2,15.0,14,416,0,1,4,52.0,34.5,11.0,12,1734,262,4,0,1200,0,0,0,9,4,0.0,14.0,1721.0,3.0,222,52.0,61.5,416.0,6.0,34.4,9.5,5.0,1200.0,4.0,1.329008293125464,0.0,0.0,1.0,-200.0,78.0,1644.0,1.0,207,52.0,119.6,410.0,-4.0,34.2,10.0,7.0,1400.0,4.0,0.8309251876647662,0.0,0.0,0.0,200.0,21.0,1624.0,2.0,198,52.0,44.1,414.0,8.0,34.4,10.5,6.0,1200.0,4.0,1.272773103799256,0.0,0.0,2.0,0.0,91.0,1532.0,2.0,179,55.0,97.7,406.0,-2.0,34.2,11.5,8.0,1200.0,4.0,1.312941096175119,0.0,0.0,0.0,0.0,21.0,1512.0,9.0,174,54.0,36.8,408.0,-2.0,34.4,16.0,10.0,1200.0,4.0,1.2928570999871871,0.0,0.0,0.0
202210040807,15059,117,2,1.252689107611325,,,16,518,16,0,3,54.0,,,12,1734,262,4,0,1200,0,0,0,9,4,,,,,243,,,,,,,,,,,,,,,,,,226,,,,,,,,,,,,,,,,,,216,,,,,,,,,,,,,,,,,,210,,,,,,,,,,,,,,,,,,204,,,,,,,,,,,,,
202210040807,21028,145,8,1.3169578954127048,56.3,3.0,9,506,-10,0,4,57.0,35.2,12.0,12,1734,262,4,0,1200,0,0,0,9,4,0.0,7.0,1728.0,4.0,124,57.0,4.6,516.0,20.0,35.6,3.5,9.0,1200.0,4.0,1.2968738992247737,0.0,0.0,0.0,0.0,77.0,1652.0,7.0,129,57.0,10.1,496.0,-2.0,35.0,4.5,6.0,1200.0,4.0,1.2928570999871871,0.0,0.0,0.0,0.0,15.0,1638.0,9.0,108,57.0,16.5,498.0,-10.0,35.2,1.0,2.0,1200.0,4.0,1.276789903036842,0.0,0.0,0.0,-600.0,13.0,1625.0,3.0,86,55.0,14.0,508.0,-8.0,37.0,2.0,5.0,1800.0,4.0,-0.2897617996218034,0.0,0.0,0.0,0.0,98.0,1526.0,6.0,178,56.0,20.7,500.0,0.0,35.5,13.0,12.0,1800.0,4.0,-0.2977953980969754,0.0,0.0,0.0
202210040805,5127,163,5,-0.4303497729373228,2.1,5.0,7,516,0,0,2,54.0,36.5,1.0,7,1734,262,3,0,1800,0,0,0,9,4,,,,,243,,,,,,,,,,,,,,,,,,226,,,,,,,,,,,,,,,,,,216,,,,,,,,,,,,,,,,,,210,,,,,,,,,,,,,,,,,,204,,,,,,,,,,,,,
202210040805,197,250,7,-0.3781313828487008,13.1,2.25,2,474,0,0,2,54.0,35.4,5.0,7,1734,262,3,0,1800,0,0,0,9,4,0.0,,,7.0,218,54.0,13.1,474.0,0.0,35.4,2.25,2.0,1800.0,3.0,-0.3781313828487008,0.0,0.0,0.0,0.0,,,7.0,203,54.0,13.1,474.0,0.0,35.4,2.25,2.0,1800.0,3.0,-0.3781313828487008,0.0,0.0,0.0,0.0,,,7.0,194,54.0,13.1,474.0,0.0,35.4,2.25,2.0,1800.0,3.0,-0.3781313828487008,0.0,0.0,0.0,,,,,210,,,,,,,,,,,,,,,,,,204,,,,,,,,,,,,,
202210040805,459,57,11,-0.4745345645507715,27.3,10.0,10,528,0,0,2,50.0,36.9,6.0,7,1734,262,3,0,1800,0,0,0,9,4,0.0,,,11.0,54,50.0,27.3,528.0,0.0,36.9,10.0,10.0,1800.0,3.0,-0.4745345645507715,0.0,0.0,0.0,,,,,226,,,,,,,,,,,,,,,,,,216,,,,,,,,,,,,,,,,,,210,,,,,,,,,,,,,,,,,,204,,,,,,,,,,,,,
202210040805,1095,93,1,-0.4464169698876675,46.7,8.0,8,474,0,0,2,54.0,36.4,9.0,7,1734,262,3,0,1800,0,0,0,9,4,,,,,243,,,,,,,,,,,,,,,,,,226,,,,,,,,,,,,,,,,,,216,,,,,,,,,,,,,,,,,,210,,,,,,,,,,,,,,,,,,204,,,,,,,,,,,,,
202210040805,1826,117,3,-0.6392233332918085,84.5,10.0,11,418,0,0,2,53.0,40.0,10.0,7,1734,262,3,0,1800,0,0,0,9,4,0.0,,,3.0,104,53.0,84.5,418.0,0.0,40.0,10.0,11.0,1800.0,3.0,-0.6392233332918085,0.0,0.0,0.0,,,,,226,,,,,,,,,,,,,,,,,,216,,,,,,,,,,,,,,,,,,210,,,,,,,,,,,,,,,,,,204,,,,,,,,,,,,,
202210040805,11781,45,10,-0.3781313828487008,165.3,1.0,1,474,0,0,2,54.0,35.5,11.0,7,1734,262,3,0,1800,0,0,0,9,4,0.0,,,10.0,42,54.0,165.3,474.0,0.0,35.5,1.0,1.0,1800.0,3.0,-0.3781313828487008,0.0,0.0,0.0,,,,,226,,,,,,,,,,,,,,,,,,216,,,,,,,,,,,,,,,,,,210,,,,,,,,,,,,,,,,,,204,,,,,,,,,,,,,
202210040805,12046,185,8,-0.4544505683628402,3.7,2.75,9,488,0,0,2,54.0,37.3,2.0,7,1734,262,3,0,1800,0,0,0,9,4,,,,,243,,,,,,,,,,,,,,,,,,226,,,,,,,,,,,,,,,,,,216,,,,,,,,,,,,,,,,,,210,,,,,,,,,,,,,,,,,,204,,,,,,,,,,,,,
202210040805,13751,221,2,-0.3901817805614601,9.2,5.75,4,500,0,0,2,54.0,35.3,4.0,7,1734,262,3,0,1800,0,0,0,9,4,0.0,,,2.0,190,54.0,9.2,500.0,0.0,35.3,5.75,4.0,1800.0,3.0,-0.3901817805614601,0.0,0.0,0.0,,,,,226,,,,,,,,,,,,,,,,,,216,,,,,,,,,,,,,,,,,,210,,,,,,,,,,,,,,,,,,204,,,,,,,,,,,,,
202210040805,16534,222,4,-0.4102657767493914,27.8,9.25,5,424,0,0,2,54.0,35.5,7.0,7,1734,262,3,0,1800,0,0,0,9,4,0.0,,,4.0,191,54.0,27.8,424.0,0.0,35.5,9.25,5.0,1800.0,3.0,-0.4102657767493914,0.0,0.0,0.0,0.0,,,4.0,180,54.0,27.8,424.0,0.0,35.5,9.25,5.0,1800.0,3.0,-0.4102657767493914,0.0,0.0,0.0,0.0,,,4.0,172,54.0,27.8,424.0,0.0,35.5,9.25,5.0,1800.0,3.0,-0.4102657767493914,0.0,0.0,0.0,0.0,,,4.0,167,54.0,27.8,424.0,0.0,35.5,9.25,5.0,1800.0,3.0,-0.4102657767493914,0.0,0.0,0.0,,,,,204,,,,,,,,,,,,,
202210040805,18145,254,6,-0.3821481820862874,7.6,6.0,3,486,0,1,2,51.0,35.2,3.0,7,1734,262,3,0,1800,0,0,0,9,4,0.0,,,6.0,222,51.0,7.6,486.0,0.0,35.2,6.0,3.0,1800.0,3.0,-0.3821481820862874,0.0,0.0,0.0,,,,,226,,,,,,,,,,,,,,,,,,216,,,,,,,,,,,,,,,,,,210,,,,,,,,,,,,,,,,,,204,,,,,,,,,,,,,
202210040805,19607,51,9,-0.4142825759869775,27.8,3.0,6,472,0,1,2,53.0,36.3,8.0,7,1734,262,3,0,1800,0,0,0,9,4,0.0,,,9.0,48,53.0,27.8,472.0,0.0,36.3,3.0,6.0,1800.0,3.0,-0.4142825759869775,0.0,0.0,0.0,,,,,226,,,,,,,,,,,,,,,,,,216,,,,,,,,,,,,,,,,,,210,,,,,,,,,,,,,,,,,,204,,,,,,,,,,,,,
202210040804,14434,250,4,-0.984668067724228,139.8,8.25,18,438,0,0,3,56.0,40.5,17.0,16,1734,262,1,0,2000,0,0,0,9,4,0.0,28.0,1707.0,3.0,222,53.0,151.0,438.0,-4.0,35.7,14.25,12.0,2000.0,1.0,-0.8280128974583633,0.0,0.0,0.0,200.0,35.0,1673.0,11.0,207,53.0,65.0,442.0,-4.0,35.4,12.5,7.0,1800.0,1.0,-0.2857450003842167,0.0,1.0,0.0,400.0,99.0,1576.0,2.0,197,53.0,248.0,446.0,0.0,34.9,17.0,10.0,1400.0,1.0,0.7465724036754547,0.0,2.0,0.0,,,,,210,,,,,,,,,,,,,,,,,,204,,,,,,,,,,,,,
202210040804,6466,93,6,-0.8159624997456045,21.5,10.5,9,422,-4,0,3,56.0,36.4,7.0,16,1734,262,1,0,2000,0,0,0,9,4,-400.0,15.0,1720.0,14.0,204,56.0,11.0,426.0,-6.0,36.5,9.5,4.0,2400.0,1.0,-1.8924646954187252,0.0,3.0,1.0,400.0,7.0,1713.0,16.0,23,56.0,12.9,432.0,-2.0,35.8,13.0,7.0,2000.0,1.0,-0.7316097157562932,0.0,0.0,0.0,0.0,42.0,1672.0,12.0,54,56.0,21.3,434.0,-8.0,36.5,8.25,9.0,2000.0,1.0,-0.7717777081321558,0.0,0.0,0.0,-200.0,49.0,1624.0,6.0,72,56.0,42.6,442.0,2.0,35.9,4.0,3.0,2200.0,1.0,-1.3903647907204415,0.0,0.0,2.0,-200.0,20.0,1604.0,13.0,177,56.0,12.4,440.0,-14.0,35.6,6.25,7.0,2400.0,1.0,-1.924599089319415,0.0,2.0,0.0
202210040804,7656,57,2,-0.7998953027952592,16.7,12.0,6,430,2,0,3,52.0,35.8,6.0,16,1734,262,1,0,2000,0,0,0,9,4,-600.0,7.0,1728.0,15.0,81,56.0,48.8,428.0,2.0,35.7,5.5,4.0,2600.0,1.0,-2.35037980850356,0.0,0.0,0.0,600.0,15.0,1713.0,17.0,76,56.0,8.2,426.0,0.0,37.9,9.75,11.0,2000.0,1.0,-0.7878449050825006,0.0,0.0,0.0,0.0,49.0,1665.0,13.0,121,56.0,5.7,426.0,0.0,38.1,8.0,9.0,2000.0,1.0,-0.840063295171122,0.0,0.0,0.0,0.0,35.0,1631.0,2.0,204,56.0,4.6,426.0,0.0,35.1,7.0,3.0,2000.0,1.0,-0.8561304921214672,0.0,1.0,0.0,0.0,42.0,1589.0,1.0,198,56.0,68.5,422.0,0.0,34.5,11.75,4.0,2000.0,1.0,-0.8480968936462946,0.0,0.0,0.0
202210040804,3919,89,10,-0.8280128974583633,13.2,3.25,14,436,-8,1,3,54.0,37.7,4.0,16,1734,262,1,0,2000,0,0,0,9,4,200.0,22.0,1713.0,7.0,122,54.0,9.3,444.0,8.0,33.6,3.0,2.0,1800.0,1.0,-0.273694602671458,0.0,0.0,0.0,-200.0,21.0,1693.0,5.0,109,54.0,29.6,436.0,0.0,35.4,13.25,7.0,2000.0,1.0,-0.7516937119442244,0.0,0.0,0.0,,,,,216,,,,,,,,,,,,,,,,,,210,,,,,,,,,,,,,,,,,,204,,,,,,,,,,,,,
202210040804,9134,194,16,-0.836046495933536,138.8,14.0,16,456,-4,0,3,55.0,36.7,16.0,16,1734,262,1,0,2000,0,0,0,9,4,200.0,224.0,1513.0,11.0,169,55.0,20.0,468.0,0.0,38.2,12.25,8.0,1800.0,3.0,-0.4986353599762889,0.0,3.0,2.0,,,,,226,,,,,,,,,,,,,,,,,,216,,,,,,,,,,,,,,,,,,210,,,,,,,,,,,,,,,,,,204,,,,,,,,,,,,,
202210040804,9429,254,8,-0.8280128974583633,91.6,9.75,12,456,4,0,3,53.0,36.5,15.0,16,1734,262,1,0,2000,0,0,0,9,4,0.0,8.0,1727.0,3.0,223,56.0,294.5,452.0,-4.0,36.0,4.5,4.0,2000.0,1.0,-0.7757945073697419,0.0,0.0,0.0,200.0,34.0,1694.0,6.0,188,54.0,261.7,456.0,-4.0,37.7,5.0,13.0,1800.0,4.0,-0.3138625950473208,0.0,1.0,0.0,0.0,21.0,1673.0,1.0,145,52.0,53.7,460.0,2.0,35.4,13.25,9.0,1800.0,1.0,-0.2977953980969754,0.0,1.0,0.0,0.0,63.0,1611.0,6.0,37,56.0,352.8,458.0,0.0,34.4,9.0,9.0,1800.0,1.0,-0.3700977843735287,0.0,1.0,0.0,,,,,204,,,,,,,,,,,,,
202210040804,10060,178,1,-0.8561304921214672,441.5,17.25,17,460,-7,0,3,56.0,36.7,18.0,16,1734,262,1,0,2000,0,0,0,9,4,0.0,266.0,1467.0,6.0,82,55.0,276.7,470.0,-6.0,36.0,9.75,11.0,2000.0,1.0,-0.8962984844973301,0.0,0.0,0.0,200.0,28.0,1439.0,2.0,206,52.0,118.4,476.0,4.0,34.6,11.5,9.0,1800.0,1.0,-0.3540305874231834,0.0,0.0,0.0,0.0,29.0,1411.0,15.0,197,52.0,232.4,472.0,0.0,34.6,12.0,8.0,1800.0,3.0,-0.3821481820862874,0.0,0.0,0.0,,,,,210,,,,,,,,,,,,,,,,,,204,,,,,,,,,,,,,
202210040804,12520,163,9,-0.7998953027952592,16.5,2.0,7,506,6,0,3,56.0,37.1,5.0,16,1734,262,1,0,2000,0,0,0,9,4,0.0,14.0,1721.0,5.0,125,56.0,14.0,500.0,-2.0,35.5,2.0,3.0,2000.0,1.0,-0.8039121020328458,0.0,1.0,2.0,0.0,36.0,1686.0,12.0,116,56.0,14.3,502.0,-6.0,37.0,1.75,7.0,2000.0,1.0,-0.7838281058449146,0.0,0.0,0.0,-200.0,49.0,1638.0,5.0,109,56.0,4.0,508.0,2.0,37.4,4.25,9.0,2200.0,1.0,-1.4184823853835449,0.0,0.0,0.0,-200.0,14.0,1624.0,11.0,80,56.0,1.8,506.0,-2.0,37.4,3.0,4.0,2400.0,1.0,-2.033052668734245,0.0,1.0,1.0,400.0,76.0,1547.0,7.0,144,56.0,4.6,510.0,0.0,36.9,1.0,3.0,2000.0,1.0,-0.7757945073697419,0.0,0.0,0.0
202210040804,13393,117,12,-0.7878449050825006,67.4,7.25,4,456,-2,0,3,55.0,36.2,12.0,16,1734,262,1,0,2000,0,0,0,9,4,0.0,14.0,1721.0,11.0,143,56.0,16.9,458.0,4.0,35.1,9.0,5.0,2000.0,1.0,-0.8280128974583633,0.0,0.0,1.0,0.0,36.0,1686.0,18.0,76,56.0,59.3,454.0,0.0,35.7,14.75,6.0,2000.0,1.0,-0.7757945073697419,0.0,0.0,0.0,0.0,14.0,1672.0,4.0,70,56.0,135.7,454.0,-10.0,36.0,11.25,5.0,2000.0,1.0,-0.7597273104193966,0.0,0.0,0.0,200.0,13.0,1659.0,14.0,193,53.0,214.1,464.0,2.0,35.5,11.5,13.0,1800.0,1.0,-0.3700977843735287,0.0,0.0,0.0,0.0,22.0,1638.0,9.0,187,54.0,24.9,462.0,-6.0,35.9,14.5,5.0,1800.0,1.0,-0.329929791997666,0.0,1.0,1.0
202210040804,20135,221,17,-0.7717777081321558,2.5,9.75,2,464,8,1,3,54.0,35.7,1.0,16,1734,262,1,0,2000,0,0,0,9,4,0.0,7.0,1728.0,6.0,235,54.0,1.7,456.0,4.0,35.4,8.25,3.0,2000.0,1.0,-0.7717777081321558,0.0,0.0,0.0,0.0,43.0,1686.0,8.0,114,54.0,2.1,452.0,0.0,35.0,10.75,2.0,2000.0,1.0,-0.7396433142314651,0.0,0.0,0.0,0.0,7.0,1679.0,11.0,107,54.0,3.2,452.0,-4.0,35.3,4.75,2.0,2000.0,1.0,-0.7155425188059479,0.0,0.0,1.0,0.0,48.0,1632.0,4.0,204,54.0,14.8,456.0,-4.0,35.8,3.25,2.0,2000.0,1.0,-0.779811306607328,0.0,0.0,1.0,0.0,105.0,1526.0,1.0,61,54.0,18.2,460.0,0.0,35.4,6.25,7.0,2000.0,3.0,-0.92843287839802,0.0,0.0,0.0
202210040804,15895,45,3,-0.8280128974583633,79.4,14.75,13,432,0,1,3,54.0,36.5,14.0,16,1734,262,1,0,2000,0,0,0,9,4,0.0,7.0,1728.0,15.0,42,54.0,29.0,432.0,8.0,35.9,10.75,5.0,2000.0,1.0,-0.7918617043200873,0.0,0.0,0.0,0.0,15.0,1713.0,12.0,39,54.0,59.0,424.0,0.0,35.8,14.25,4.0,2000.0,1.0,-0.7275929165187066,0.0,0.0,0.0,0.0,35.0,1679.0,7.0,35,54.0,119.0,424.0,-2.0,35.9,11.25,7.0,2000.0,1.0,-0.7597273104193966,0.0,0.0,1.0,0.0,62.0,1618.0,5.0,116,54.0,22.6,426.0,4.0,37.5,13.75,14.0,2000.0,1.0,-0.96056727229871,0.0,0.0,0.0,0.0,22.0,1596.0,1.0,32,54.0,29.8,422.0,-2.0,37.8,10.5,7.0,2000.0,1.0,-0.9123656814476752,0.0,1.0,1.0
202210040804,15950,85,15,-0.7958785035576732,38.0,5.5,5,452,-2,0,3,56.0,36.5,11.0,16,1734,262,1,0,2000,0,0,0,9,4,0.0,14.0,1721.0,1.0,77,56.0,20.9,454.0,4.0,35.2,7.5,5.0,2000.0,1.0,-0.8119457005080185,0.0,1.0,2.0,0.0,29.0,1693.0,13.0,72,56.0,29.8,450.0,-2.0,35.8,6.0,4.0,2000.0,1.0,-0.7436601134690518,0.0,0.0,0.0,0.0,146.0,1547.0,6.0,124,53.0,41.4,456.0,0.0,38.0,6.25,11.0,2000.0,1.0,-0.8440800944087087,0.0,0.0,0.0,0.0,71.0,1473.0,1.0,72,55.0,23.4,456.0,2.0,35.8,14.25,13.0,2000.0,1.0,-0.9083488822100886,0.0,0.0,1.0,0.0,20.0,1453.0,2.0,70,55.0,3.7,454.0,0.0,36.1,3.5,3.0,2000.0,3.0,-1.044920056288022,0.0,0.0,0.0
202210040804,17116,109,14,-0.7757945073697419,9.7,11.75,3,462,-6,0,3,56.0,35.5,3.0,16,1734,262,1,0,2000,0,0,0,9,4,0.0,22.0,1713.0,7.0,212,56.0,3.7,468.0,2.0,36.2,8.0,3.0,2000.0,1.0,-0.7275929165187066,0.0,0.0,0.0,200.0,28.0,1686.0,9.0,197,56.0,19.8,466.0,10.0,35.3,4.75,4.0,1800.0,1.0,-0.273694602671458,0.0,1.0,1.0,,,,,216,,,,,,,,,,,,,,,,,,210,,,,,,,,,,,,,,,,,,204,,,,,,,,,,,,,
202210040804,17951,179,11,-0.7637441096569831,3.2,5.75,1,510,-6,0,3,56.0,36.4,2.0,16,1734,262,1,0,2000,0,0,0,9,4,0.0,28.0,1707.0,6.0,154,56.0,6.6,516.0,10.0,35.5,2.0,2.0,2000.0,1.0,-0.7597273104193966,0.0,0.0,0.0,200.0,28.0,1680.0,11.0,129,56.0,5.4,506.0,-4.0,36.1,1.0,4.0,1800.0,1.0,-0.21745941334525,0.0,0.0,0.0,0.0,21.0,1659.0,1.0,121,56.0,14.5,510.0,-12.0,34.6,3.0,3.0,1800.0,1.0,-0.3098457958097347,0.0,0.0,0.0,-200.0,15.0,1644.0,11.0,148,56.0,2.5,522.0,2.0,35.7,4.0,4.0,2000.0,1.0,-0.7878449050825006,0.0,0.0,0.0,0.0,20.0,1625.0,1.0,144,56.0,25.0,520.0,4.0,34.8,6.25,2.0,2000.0,1.0,-0.8079289012704319,0.0,0.0,0.0
202210040804,19308,222,7,-0.8199792989831907,31.9,2.0,11,436,-6,1,3,54.0,37.4,10.0,16,1734,262,1,0,2000,0,0,0,9,4,400.0,29.0,1706.0,5.0,218,54.0,19.6,442.0,0.0,34.3,2.0,8.0,1600.0,1.0,0.2645564951651024,0.0,0.0,0.0,-200.0,13.0,1694.0,7.0,203,54.0,63.5,442.0,-6.0,36.3,4.25,3.0,1800.0,1.0,-0.2576274057211127,0.0,0.0,0.0,0.0,29.0,1665.0,3.0,121,54.0,30.8,448.0,8.0,37.3,15.0,15.0,1800.0,1.0,-0.3500137881855974,0.0,0.0,0.0,200.0,329.0,1336.0,13.0,116,54.0,45.5,440.0,0.0,33.8,17.0,4.0,1600.0,3.0,0.2043045066013083,0.0,0.0,0.0,0.0,,,13.0,112,54.0,45.5,440.0,0.0,33.8,17.0,4.0,1600.0,3.0,0.2043045066013083,0.0,0.0,0.0
202210040804,19886,71,18,-0.7998953027952592,25.8,4.75,8,422,0,1,3,54.0,36.7,8.0,16,1734,262,1,0,2000,0,0,0,9,4,0.0,28.0,1707.0,8.0,65,54.0,6.1,422.0,-2.0,35.5,11.5,8.0,2000.0,1.0,-0.7998953027952592,0.0,0.0,0.0,-200.0,56.0,1652.0,1.0,60,54.0,5.7,424.0,-4.0,36.9,6.25,2.0,2200.0,1.0,-1.3100288059687162,0.0,0.0,0.0,0.0,15.0,1638.0,9.0,137,54.0,43.4,428.0,0.0,35.4,10.5,2.0,2200.0,1.0,-1.366263995294923,0.0,0.0,0.0,200.0,42.0,1596.0,12.0,72,54.0,34.7,428.0,0.0,35.7,11.75,9.0,2000.0,1.0,-0.9364664768731928,0.0,0.0,0.0,0.0,,,12.0,70,54.0,34.7,428.0,0.0,35.7,11.75,9.0,2000.0,1.0,-0.9364664768731928,0.0,0.0,0.0
202210040804,20807,188,5,-0.8199792989831907,27.0,6.75,10,494,-12,0,3,52.0,36.8,9.0,16,1734,262,1,0,2000,0,0,0,9,4,,,,,243,,,,,,,,,,,,,,,,,,226,,,,,,,,,,,,,,,,,,216,,,,,,,,,,,,,,,,,,210,,,,,,,,,,,,,,,,,,204,,,,,,,,,,,,,
202210040804,21400,255,13,-0.836046495933536,68.3,17.0,15,458,-8,0,3,56.0,36.3,13.0,16,1734,262,1,0,2000,0,0,0,9,4,-600.0,7.0,1728.0,7.0,223,56.0,25.5,466.0,-2.0,36.2,3.5,5.0,2600.0,1.0,-2.3624302062163185,0.0,0.0,0.0,600.0,7.0,1721.0,9.0,208,56.0,23.5,468.0,0.0,35.4,4.0,6.0,2000.0,1.0,-0.8119457005080185,0.0,1.0,2.0,-400.0,56.0,1666.0,6.0,34,56.0,3.8,468.0,4.0,45.4,8.25,12.0,2400.0,1.0,-2.2820942214645936,0.0,0.0,0.0,200.0,14.0,1652.0,6.0,194,56.0,24.6,464.0,-4.0,36.5,5.5,3.0,2200.0,1.0,-1.314045605206302,0.0,0.0,0.0,200.0,253.0,1397.0,3.0,112,55.0,14.6,468.0,6.0,37.9,2.75,8.0,2000.0,1.0,-0.8681808898342259,0.0,0.0,0.0
202210040802,10105,254,4,1.2567059068489106,32.8,9.0,10,462,-6,0,2,51.0,36.0,7.0,8,1734,262,1,0,1200,0,0,0,9,4,0.0,15.0,1720.0,3.0,77,54.0,15.8,468.0,0.0,34.8,7.0,6.0,1200.0,1.0,1.3089242969375323,0.0,0.0,0.0,0.0,28.0,1693.0,8.0,207,51.0,11.7,468.0,0.0,34.9,7.5,8.0,1200.0,3.0,1.1884203198099446,0.0,0.0,0.0,0.0,,,8.0,198,51.0,11.7,468.0,0.0,34.9,7.5,8.0,1200.0,3.0,1.1884203198099446,0.0,0.0,0.0,0.0,,,8.0,193,51.0,11.7,468.0,0.0,34.9,7.5,8.0,1200.0,3.0,1.1884203198099446,0.0,0.0,0.0,,,,,204,,,,,,,,,,,,,
202210040802,2295,51,1,1.1121011342958054,164.1,12.5,13,442,4,1,2,53.0,39.1,11.0,8,1734,262,1,0,1200,0,0,0,9,4,0.0,8.0,1727.0,14.0,48,53.0,88.0,438.0,0.0,35.5,7.5,6.0,1200.0,7.0,1.2567059068489106,0.0,0.0,0.0,0.0,13.0,1714.0,6.0,45,53.0,100.7,438.0,8.0,35.5,1.0,3.0,1200.0,1.0,1.276789903036842,0.0,0.0,0.0,0.0,29.0,1686.0,11.0,91,54.0,202.1,430.0,-2.0,36.7,4.5,8.0,1200.0,1.0,1.2245715129482206,0.0,1.0,1.0,0.0,14.0,1672.0,16.0,87,54.0,22.7,432.0,0.0,37.6,15.0,15.0,1200.0,3.0,1.1321851304837367,0.0,0.0,0.0,,,,,204,,,,,,,,,,,,,
202210040802,5626,166,2,1.148252327434082,63.4,8.0,12,428,-4,1,2,52.0,39.0,9.0,8,1734,262,1,0,1200,0,0,0,9,4,0.0,22.0,1713.0,10.0,142,52.0,217.3,432.0,6.0,35.5,2.5,5.0,1200.0,1.0,1.30089069846236,0.0,0.0,0.0,-600.0,20.0,1694.0,5.0,72,54.0,34.0,426.0,0.0,38.0,7.0,10.0,1800.0,3.0,-0.5066689584514616,0.0,1.0,0.0,0.0,,,5.0,66,54.0,34.0,426.0,0.0,38.0,7.0,10.0,1800.0,3.0,-0.5066689584514616,0.0,1.0,0.0,0.0,,,5.0,64,54.0,34.0,426.0,0.0,38.0,7.0,10.0,1800.0,3.0,-0.5066689584514616,0.0,1.0,0.0,,,,,204,,,,,,,,,,,,,
202210040802,9189,85,9,1.2928570999871871,64.0,6.5,4,424,-4,1,2,54.0,35.3,10.0,8,1734,262,1,0,1200,0,0,0,9,4,0.0,43.0,1693.0,6.0,77,54.0,6.0,428.0,0.0,34.8,2.0,4.0,1200.0,3.0,1.2285883121858072,0.0,0.0,0.0,0.0,,,6.0,72,54.0,6.0,428.0,0.0,34.8,2.0,4.0,1200.0,3.0,1.2285883121858072,0.0,0.0,0.0,,,,,216,,,,,,,,,,,,,,,,,,210,,,,,,,,,,,,,,,,,,204,,,,,,,,,,,,,
202210040802,9541,188,10,1.2366219106609797,260.2,7.5,11,472,-6,0,2,50.0,36.7,12.0,8,1734,262,1,0,1200,0,0,0,9,4,0.0,22.0,1713.0,13.0,176,54.0,106.0,478.0,0.0,36.0,4.0,13.0,1200.0,3.0,1.2245715129482206,0.0,0.0,0.0,,,,,226,,,,,,,,,,,,,,,,,,216,,,,,,,,,,,,,,,,,,210,,,,,,,,,,,,,,,,,,204,,,,,,,,,,,,,
202210040802,9586,57,5,1.2808067022744287,7.4,2.5,7,414,-4,1,2,50.0,36.2,3.0,8,1734,262,1,0,1200,0,0,0,9,4,-400.0,28.0,1707.0,5.0,144,54.0,5.7,418.0,0.0,36.3,1.0,6.0,1600.0,3.0,0.192254108888549,0.0,0.0,0.0,0.0,,,5.0,134,54.0,5.7,418.0,0.0,36.3,1.0,6.0,1600.0,3.0,0.192254108888549,0.0,0.0,0.0,0.0,,,5.0,126,54.0,5.7,418.0,0.0,36.3,1.0,6.0,1600.0,3.0,0.192254108888549,0.0,0.0,0.0,,,,,210,,,,,,,,,,,,,,,,,,204,,,,,,,,,,,,,
202210040802,1476,221,8,1.2888403007496014,17.9,5.0,5,428,0,0,2,54.0,35.6,5.0,8,1734,262,1,0,1200,0,0,0,9,4,0.0,15.0,1720.0,1.0,25,54.0,19.1,428.0,0.0,35.1,3.5,5.0,1200.0,1.0,1.3089242969375323,0.0,0.0,0.0,0.0,7.0,1713.0,6.0,23,54.0,20.5,428.0,0.0,34.7,7.5,4.0,1200.0,3.0,1.26875630456167,0.0,0.0,0.0,,,,,216,,,,,,,,,,,,,,,,,,210,,,,,,,,,,,,,,,,,,204,,,,,,,,,,,,,
202210040802,12523,109,13,1.2567059068489106,14.3,2.0,9,474,6,0,2,54.0,36.8,4.0,8,1734,262,1,0,1200,0,0,0,9,4,0.0,22.0,1713.0,9.0,125,54.0,9.6,468.0,0.0,34.7,5.5,2.0,1200.0,3.0,1.26875630456167,0.0,0.0,0.0,,,,,226,,,,,,,,,,,,,,,,,,216,,,,,,,,,,,,,,,,,,210,,,,,,,,,,,,,,,,,,204,,,,,,,,,,,,,
202210040802,15026,265,12,1.272773103799256,273.1,11.5,8,466,0,0,2,54.0,35.1,13.0,8,1734,262,1,0,1200,0,0,0,9,4,0.0,22.0,1713.0,7.0,231,54.0,121.9,466.0,0.0,35.0,10.5,10.0,1200.0,3.0,1.244655509136152,0.0,0.0,0.0,0.0,,,7.0,216,54.0,121.9,466.0,0.0,35.0,10.5,10.0,1200.0,3.0,1.244655509136152,0.0,0.0,0.0,,,,,216,,,,,,,,,,,,,,,,,,210,,,,,,,,,,,,,,,,,,204,,,,,,,,,,,,,
